0.217189644564343,0.315522489009131,0.210144426784604,0.112916224814422,0.29637988625079,0.177412428685357,0.128514526710403,0.0709741550695825,0.49040404040404,0.267691659646167,0.063335143943509,0.238640381895332,0.0682749846864251,0.0252111513304121,0.189176326613863,0.136825187009944,0.11229797979798,0.166679295321084,0.151938988011482,0.0844423254978373,0.182853077196727,0.398720682302772,0.17939140395438,0.0824075894612662,0.354817407382949,0.161451814768461,0.204472843450479,0.229003436426117,0.289769367238321,0.182342909615637
0.166075062710019,0.323977003719986,0.163222997719577,0.0816967126193001,0.426649814931841,0.203668486595914,0.0701733833177132,0.0596918489065606,0.584343434343434,0.312763268744735,0.0881767155531414,0.259414780763791,0.0727983791169957,0.0304969387259571,0.199952408471292,0.149743142968727,0.0727272727272727,0.163174843720402,0.270417065345866,0.0883117062587234,0.128424048381359,0.30090618336887,0.118581602669456,0.0534801415650806,0.335006273525721,0.117695569073745,0.0637939297124601,0.110068728522337,0.248570865365661,0.134330316148498
0.193052203133135,0.177544808927968,0.191417317393407,0.0977306468716861,0.457434323372754,0.219587755352432,0.1264526710403,0.166053677932406,0.361616161616162,0.402485256950295,0.0175991309071157,0.102170261669024,0.0281769778070961,0.00746734205208088,0.193867491586498,0.12405743984138,0.0696464646464647,0.191324114415609,0.219479934710418,0.0698630515594987,0.141942369263607,0.21002132196162,0.146172618158275,0.0626228863546992,0.466420128111999,0.187938411386326,0.183626198083067,0.369415807560137,0.342203824167159,0.234553325462416
0.291495101519239,0.373013189042949,0.29154861447032,0.166871686108165,0.308025638710842,0.274584381326299,0.254217432052484,0.174453280318091,0.253535353535354,0.215669755686605,0.0737642585551331,0.0946340169731259,0.0732695660368468,0.0384723140542176,0.189754223748173,0.22184336227356,0.116540404040404,0.23754498958136,0.108740924185287,0.0806765888644749,0.244397011739594,0.358208955223881,0.251456745853877,0.123844868265828,0.422175262497524,0.317848861464427,0.359744408945687,0.405841924398625,0.196727774492411,0.17512790240063
0.596762743149226,0.517078119715928,0.579849353880174,0.444326617179215,0.456531551864223,0.24332863014539,0.387769447047798,0.45044731610338,0.304545454545455,0.0831929233361416,0.128879232301286,0.224275106082037,0.101729255995854,0.0922267173205727,0.346296359248054,0.127962868387058,0.123914141414141,0.283955294563364,0.11999774863511,0.0315147243757169,0.480611881892565,0.504797441364606,0.445191493600279,0.303725914274479,0.539060952255167,0.15252592872874,0.317651757188498,0.503780068728522,0.143504829489454,0.0385019021382658
0.187372805149321,0.300304362529591,0.183815907677424,0.0960763520678685,0.43125394962535,0.169376111894976,0.115838800374883,0.14572564612326,0.215151515151515,0.340985678180286,0.097084917617237,0.305604667609618,0.106535362578335,0.0354465276299127,0.265356766495564,0.143359269384444,0.0502525252525252,0.218791437772305,0.181628862497889,0.0624006743777898,0.159018143009605,0.361407249466951,0.161113601274964,0.0705859221392057,0.430099716040415,0.13302480814196,0.112779552715655,0.271030927835052,0.135225704711216,0.146136691591237
0.303800463817502,0.244842746026378,0.288093428235782,0.173446447507953,0.24140110138124,0.115269001901724,0.0511012183692596,0.0732107355864811,0.297979797979798,0.148483572030329,0.0169835234474018,0.055737270155587,0.0131461150638458,0.0119873439945611,0.0911377774756093,0.07696698410791,0.0366414141414141,0.103883311233188,0.0707491416671357,0.0407390517253292,0.24190679473497,0.257995735607676,0.215897206036157,0.11755308690523,0.331044046754276,0.136129464155776,0.108945686900958,0.240103092783505,0.231815493790656,0.136298045388954
0.463770173694922,0.307406154886709,0.452698500449174,0.31507953340403,0.325178297372935,0.222194957364579,0.197328959700094,0.326838966202783,0.420707070707071,0.113310867733783,0.176534492123846,0.22781117397454,0.158884229373793,0.113071023799118,0.149913315429853,0.168594346141136,0.0663131313131313,0.303845425269937,0.183317386165363,0.0897627240440557,0.431163287086446,0.380597014925373,0.399870511479655,0.264156508061345,0.301327345968434,0.179109545847037,0.185143769968051,0.506529209621993,0.24541691306919,0.113078840351568
0.630839131052109,0.586743320933378,0.61578329071937,0.485471898197243,0.427642863591225,0.274277651677811,0.355904404873477,0.463866799204771,0.380808080808081,0.121314237573715,0.103639326453015,0.148691654879774,0.0862272063327522,0.0850544828333315,0.113199850426624,0.101601225703728,0.053459595959596,0.155048304603145,0.0694827489165306,0.0344513079888894,0.583422269654927,0.723347547974414,0.557248866975447,0.40768777034998,0.535098725483722,0.259248479203656,0.302555910543131,0.583161512027491,0.312635521387739,0.1636494818313
0.887358606654362,0.262089956036524,0.901181673692212,0.791728525980912,0.562155818362373,0.665357953499785,0.78912839737582,0.950795228628231,0.452525252525252,0.236941870261163,0.319862393626652,0.108446782178218,0.304622343683739,0.273250927347506,0.158275826902811,0.301754438669751,0.107727272727273,0.285660162909642,0.217650700737322,0.0860315354532012,0.896478121664888,0.308102345415778,0.89093082324817,0.749311836413685,0.540381694512316,0.549533816495425,0.515255591054313,0.947079037800687,0.418884289375123,0.217171717171717
0.325571489422121,0.24416638484951,0.325962269366319,0.184687168610817,0.451114922813036,0.405864670879087,0.231982193064667,0.278429423459245,0.528282828282828,0.404380791912384,0.0524352706862212,0.18427333804809,0.05541158177449,0.0296751201909607,0.144372301730292,0.241295400606844,0.0987121212121212,0.271831786323167,0.1619294197107,0.126625485399997,0.278192813945215,0.397388059701493,0.268887892823348,0.138837003539127,0.494155715512118,0.397502692318887,0.370287539936102,0.568384879725086,0.407056968263355,0.333595697232061
0.300960764825595,0.207981061887048,0.295072904429549,0.159703075291622,0.498059041256658,0.411385804551868,0.27389878163074,0.347266401590457,0.445454545454545,0.401432181971356,0.0631902951294586,0.144934582743989,0.036658342364416,0.0115017239511541,0.172723255260564,0.251584702736804,0.10050505050505,0.261981435878007,0.189367929307142,0.128111051227837,0.270366417644966,0.2977078891258,0.23034015638229,0.10560853322847,0.544343921283761,0.43834832300065,0.388019169329073,0.586941580756014,0.38675340035482,0.305391578118851
0.5721520185527,0.510652688535678,0.58399557736162,0.407423117709438,0.344678161957209,0.612293724311392,0.493673851921275,0.495079522862823,0.631313131313131,0.283698399326032,0.314901321745428,0.288587340876945,0.380389200395797,0.183224442377446,0.164360743787606,0.738636705019978,0.245530303030303,0.49971585527562,0.639500196994428,0.233240744579412,0.574884382781928,0.563699360341152,0.632451815329449,0.360253637436099,0.353496665125801,0.695743710646059,0.578434504792332,0.856701030927835,0.612063867534004,0.319821592548865
0.494060296275262,0.536016232668245,0.48863243728837,0.341251325556734,0.433059492642412,0.292067971290105,0.394095595126523,0.327882703777336,0.125252525252525,0.183235046335299,0.151403222886113,0.288808345120226,0.141827262875183,0.0966159754052126,1,0.625604590380629,0.363131313131313,0.743890888425838,0.195137051837677,0.403009825463289,0.360725720384205,0.427771855010661,0.348573136112356,0.20541683051514,0.350855180611504,0.14748086270629,0.22388178913738,0.37766323024055,0.00749063670411985,0.0861865407319953
0.361067726820957,0.202231991883666,0.33784811001313,0.221166489925769,0.212602690259095,0.0483712655665297,0.0339034676663543,0.0932902584493042,0.288888888888889,0.0545492839090144,0.0740539561832338,0.121839639321075,0.0564010743061773,0.0412739681507962,0.112791923037699,0.0283068465166582,0.0134469696969697,0.119795415798447,0.0993133337085608,0,0.303450729277837,0.259328358208955,0.265401663429454,0.161128588281557,0.197649078782276,0.0422815340881528,0.0379073482428115,0.199759450171821,0.190222747880938,0.0125278761642398
0.307586729140045,0.375718633750423,0.308271715845484,0.176330858960764,0.442087207727724,0.325501502975278,0.249062792877226,0.270328031809145,0.333333333333333,0.299705139005897,0.0367553865652725,0.0510961810466761,0.0371295292842671,0.0218865218024722,0.124213889927593,0.151245230870911,0.0769949494949495,0.239060428111385,0.0828502279506951,0.0791910230366348,0.270366417644966,0.373134328358209,0.283330843169481,0.136453008257963,0.593211384798257,0.383434719756285,0.401757188498403,0.775945017182131,0.244825547013601,0.341466614193887
0.145250603436036,0.264457220155563,0.142491880312349,0.0709650053022269,0.433962264150943,0.165265934605239,0.0588331771321462,0.088220675944334,0.419191919191919,0.28117101937658,0.054463154082926,0.365717821782178,0.0481081845167978,0.0187673469082813,0.207023149879321,0.0919127587346412,0.0426767676767677,0.152358401212351,0.184583778915968,0.065060873650899,0.114905727499111,0.39498933901919,0.107425668608995,0.0488596146283917,0.455854190054811,0.109545847037479,0.0842651757188498,0.223333333333333,0.261975162625665,0.141676505312869
0.466609872686829,0.329726073723368,0.446479165227006,0.312492046659597,0.196984743161506,0.162106619225814,0.12066541705717,0.13772365805169,0.395959595959596,0.0572872788542544,0.133043635705233,0.375663012729844,0.128257079583471,0.0743521641844011,0.0588095319033212,0.182939285606994,0.0771717171717172,0.210267096040917,0.102971801654753,0.0215648881334384,0.366061899679829,0.427771855010661,0.3480751033418,0.208120330318521,0.109423496004755,0.139428161170455,0.150319488817891,0.289896907216495,0.18963138182535,0.0306965761511216
0.299067632164324,0.401082177882989,0.286434938843204,0.170774125132556,0.299629863681502,0.136034599104349,0.0783505154639175,0.120477137176938,0.381313131313131,0.14743049705139,0.0545355784899511,0.260519801980198,0.0598878575130754,0.0264812345208611,0.128667097256688,0.136674978219725,0.0453282828282828,0.121216139420345,0.146451286092193,0.0366623827093957,0.223052294557097,0.457889125799574,0.211813337317596,0.10715690129768,0.282836954368355,0.13525627965189,0.0968051118210863,0.192920962199313,0.211314803863592,0.0756919847828939
0.36248757631691,0.187013865404126,0.359201160942575,0.215652173913043,0.546808702717342,0.351266793448255,0.233505154639175,0.351093439363817,0.533333333333333,0.284330244313395,0.144848814050335,0.0833185997171146,0.144041841398483,0.0671612520031827,0.129007036747459,0.314447081443206,0.112020202020202,0.307444591778746,0.230596048854618,0.13633348534472,0.299181785841338,0.165778251599147,0.293789531351163,0.151985843491939,0.373307798983029,0.273219431265826,0.207987220447284,0.480068728522337,0.312635521387739,0.194739603830513
0.302853897486866,0.710517416300304,0.294036348559187,0.175482502651113,0.35948361469712,0.168333231090117,0.066049671977507,0.162226640159046,0.159090909090909,0.214827295703454,0.0830345826543545,0.345606435643564,0.072091598737219,0.0413300012327278,0.140327021790121,0.0766665665274732,0.020040404040404,0.17291153627581,0.109163055102156,0.0722123184500366,0.253290643898968,0.7886460554371,0.230489566213457,0.127900117970901,0.303968830482731,0.111389236545682,0.0559345047923323,0.266769759450172,0.124383993692095,0.14239800603437
0.671068200104122,0.45079472438282,0.645497892336397,0.534676564156946,0.376004333303241,0.254033494877615,0.257029053420806,0.429025844930418,0.358080808080808,0.0593934288121315,0.210103204780011,0.169466053748232,0.167082881779202,0.162847078248331,0.102491756467349,0.0776429236638928,0.0433080808080808,0.196628149270695,0.0414813980975967,0.037733372027141,0.755602988260406,0.62819829424307,0.685243289008417,0.597178529296107,0.455193818926237,0.225776406554705,0.251996805111821,0.690378006872852,0.247782377291543,0.132624950806769
0.247953050310001,0.349340547852553,0.246562089696635,0.131325556733828,0.514308928410219,0.293908349181032,0.191541705716963,0.10765407554672,0.537373737373737,0.399747262005055,0.0252036936447583,0.0962915487977369,0.0107760448569948,0.0107919715800208,0.154978413842336,0.148165950671433,0.100151515151515,0.187421860200796,0.0748297405301964,0.100818097646587,0.186054784774102,0.323827292110874,0.172916977937148,0.0811295713723948,0.455854190054811,0.198125563931659,0.282348242811502,0.277938144329897,0.225507589197713,0.218745900564082
0.0585924558663448,0.371660466689212,0.0655103310068413,0.0256203605514316,0.373927958833619,0.340837985399669,0.309512652296157,0.107753479125249,0.586868686868687,0.687657961246841,0.0296940068803187,0.35400459688826,0.0228996843047637,0.00636535810742663,0.364313152258898,0.389851894132845,0.195782828282828,0.193597272210646,0.21399223279113,0.376062352307118,0.0413376022767699,0.471748400852879,0.0381991135016684,0.0158769170271333,0.606418807369742,0.391681462292983,0.429792332268371,0.270756013745704,0.346343386556278,0.613669159123705
0.402716645368924,0.346973283733514,0.405016930412549,0.255015906680806,0.572086304956216,0.419667505061039,0.443064667291471,0.4529324055666,0.438888888888889,0.3681550126369,0.193916349809886,0.214550919377652,0.184611035197663,0.112267882958098,0.188870381072169,0.202992159101151,0.125555555555556,0.310475468838795,0.149687623121517,0.115293727457402,0.472073995019566,0.463486140724947,0.456646247323074,0.288488006291781,0.640097734927029,0.353164323621581,0.4435303514377,0.728865979381443,0.3197319140548,0.307359307359307
0.6067016896209,0.400743997294555,0.593670098818326,0.460869565217391,0.371941861514851,0.341144715048157,0.298031865042174,0.431958250497018,0.522222222222222,0.123209772535805,0.305558573239182,0.182505304101839,0.269990105074683,0.219645945632968,0.173063194751334,0.221092318322468,0.087020202020202,0.32430384542527,0.156019586874543,0.108833243508423,0.633226609747421,0.442963752665245,0.597091488619951,0.448240267400708,0.423496004754672,0.287384424328861,0.288897763578275,0.625429553264605,0.296668637886852,0.180440771349862
0.287235553031379,0.300304362529591,0.285398382972842,0.156309650053022,0.501670127290783,0.340531255751181,0.225,0.278479125248509,0.492424242424242,0.316975568660489,0.0720984971935542,0.254110678925035,0.0863685624087075,0.0275832184655154,0.20715912567563,0.278396971790789,0.129090909090909,0.355370335290775,0.291523611189283,0.166528474496635,0.222696549270722,0.341950959488273,0.218188156780716,0.0997837200157295,0.41689229346893,0.231403595579746,0.205511182108626,0.432302405498282,0.305144884683619,0.184507411780139
0.374792938615174,0.433547514372675,0.402943818671826,0.229692470837752,0.42285817459601,0.623029262008466,0.640346766635426,0.48265407554672,0.495454545454545,0.400589721988206,0.051240267970306,0.113750884016973,0.127644536587664,0.0324767742875394,0.178536220552742,0.449710097034879,0.200151515151515,0.423186209509377,0.100016885236675,0.168912289429681,0.299537531127713,0.414445628997868,0.373474774640171,0.159137829335431,0.467080499240573,0.661398453493223,0.720367412140575,0.850515463917526,0.25645574610684,0.396563032926669
0.240380519664916,0.10246871829557,0.228387810102965,0.129416755037116,0.365441906653426,0.101312802895528,0.0462043111527648,0.0975646123260438,0.267676767676768,0.191870261162595,0.0256020278833967,0.0813958628005658,0.0195071384818357,0.0120433770764926,0.129686915729,0.0566061825938054,0.0210656565656566,0.118829323735556,0.0952327348455001,0.0564929591089369,0.185343294201352,0.170309168443497,0.167687633846307,0.0854305937868659,0.37198705672588,0.093052361964083,0.0689776357827476,0.241408934707904,0.187068795584467,0.15702479338843
0.416441857163141,0.276631721339195,0.41330937737544,0.270413573700954,0.401462489843821,0.336850499969327,0.233223992502343,0.328330019880716,0.394949494949495,0.228727885425442,0.142784718450118,0.138061350777935,0.132262168402205,0.0884538231371802,0.137947445354727,0.288085438759876,0.070479797979798,0.242849024436446,0.171638430798672,0.112253499716706,0.44432586268232,0.406716417910448,0.428756412171921,0.27374164372788,0.451891963283365,0.517711092353814,0.316693290734824,0.621993127147766,0.438990735265129,0.326380690017054
0.450518245066023,0.290158944876564,0.434040494782669,0.294634146341463,0.399295838223346,0.200294460462548,0.137347703842549,0.240308151093439,0.21969696969697,0.125737152485257,0.0823465507876154,0.238419377652051,0.0747773641803703,0.0500151289321215,0.188462453683244,0.118649923393517,0.0462626262626263,0.19568100018943,0.127455394833118,0.0382170446222517,0.362860192102455,0.357942430703625,0.332636087454555,0.202467558002359,0.413590437826058,0.136420525657071,0.132827476038339,0.313505154639175,0.16341415336093,0.0632952905680178
0.257891996781675,0.246533648968549,0.240550065648538,0.141590668080594,0.207095784057055,0.0465002147107539,0.0314432989690722,0.0844433399602386,0.208080808080808,0.118997472620051,0.0964330979540105,0.40660360678925,0.0815153371342412,0.0454951269896414,0.191861848590951,0.0641241325442365,0.0251489898989899,0.212161394203448,0.372150616311139,0.0713831654298468,0.176805407328353,0.218283582089552,0.156133273569401,0.0812770349980338,0.0853199498117942,0.0192391652356143,0.0178674121405751,0.097319587628866,0.0662329982259018,0.0280729371638463
0.280136305551612,0.210010145417653,0.276069380139589,0.156394485683987,0.308206193012549,0.232225016870131,0.114667291471415,0.153479125248509,0.362626262626263,0.260951979780961,0.0372261452109361,0.0908327439886846,0.043914620930123,0.0183751153347603,0.122752150117279,0.10047465977709,0.0381313131313131,0.143663572646335,0.185146620138459,0.0342785677763498,0.233013162575596,0.261194029850746,0.232880123512127,0.112711364530083,0.396420788483128,0.220731340532254,0.166932907348243,0.347766323024055,0.391090084762468,0.171454807818444
0.308060012305362,0.425769360838688,0.297975260866561,0.177094379639449,0.314976979326533,0.176676277528986,0.111316776007498,0.168190854870775,0.378282828282828,0.15206402695872,0.0442875248958899,0.219413012729844,0.0460820807614381,0.0250243743906402,0.0932114083693102,0.0868807642623246,0.0529040404040404,0.224284902443645,0.11999774863511,0.0366623827093957,0.256848096762718,0.52771855010661,0.241994123213307,0.126228863546992,0.297365119196989,0.139525181670887,0.182268370607029,0.440549828178694,0.257441356199488,0.0926800472255018
0.202517866439491,0.346635103145079,0.206827447999447,0.106299045599152,0.248894104902049,0.302803508987179,0.217291471415183,0.277733598409543,0.775252525252525,0.260530749789385,0.135831975375702,0.341407355021216,0.0998916270084342,0.0520696752696125,0.476833123703981,0.603599002613633,0.204520202020202,0.660541769274484,0.370039961726797,0.19423600458798,0.139807897545358,0.274786780383795,0.138751929876986,0.0620330318521431,0.208875387968038,0.152331887727877,0.123482428115016,0.320068728522337,0.273999605755963,0.0987144168962351
0.957877798286715,0.411227595536016,0.955773616197913,0.893531283138918,0.512503385393157,0.527636341328753,0.672680412371134,0.933399602385686,0.373737373737374,0.16301600673968,0.262393626652182,0.247701555869873,0.238561937520614,0.22767735404316,0.0991943434068736,0.173626340613453,0.078510101010101,0.23508240197007,0.110710868464006,0.0639898843331537,0.896122376378513,0.555170575692964,0.848598037750884,0.744887927644514,0.502080169055009,0.364903804173822,0.426517571884984,0.923711340206186,0.254484525921545,0.169093532729896
0.57877798286715,0.299628001352722,0.564646534448207,0.427783669141039,0.475489753543378,0.329182258757131,0.309981255857544,0.447017892644135,0.432828282828283,0.203243470935131,0.223067173637516,0.184052333804809,0.192244263299251,0.178741795822921,0.16130128837067,0.156277225343227,0.0743686868686869,0.291343057397234,0.149687623121517,0.059187706424554,0.647812166488794,0.429637526652452,0.596095423078839,0.481665355878883,0.602456580598296,0.314162082448021,0.30982428115016,0.718556701030928,0.388724620540114,0.182998819362456
0.248426333475318,0.33310787960771,0.240135443300394,0.134676564156946,0.390268123138034,0.188608060855162,0.0981021555763824,0.204125248508946,0.464141414141414,0.214195450716091,0.0875973202969401,0.213445898161245,0.0730810912689064,0.0381734709505826,0.19719889859605,0.116697209120678,0.0353787878787879,0.215949990528509,0.100579726459166,0.0844077774553294,0.231590181430096,0.435501066098081,0.207878878430201,0.111384191899331,0.473684210526316,0.171638967313793,0.109984025559105,0.371134020618557,0.217425586438005,0.17512790240063
0.432060201618628,0.282042610754143,0.423674936079055,0.283987274655355,0.402455538503205,0.289307404453715,0.221344892221181,0.29537773359841,0.404545454545454,0.263689974726201,0.214883215643672,0.214771923620934,0.177920180935777,0.125659789539744,0.171907400482714,0.128638807943041,0.0774494949494949,0.221064595567342,0.152923960150841,0.0877243895360889,0.426538598363572,0.353144989339019,0.391403954380198,0.257520644907589,0.397741530740276,0.190460944397551,0.223801916932907,0.41786941580756,0.241868716735659,0.17407844680572
0.379052487103034,0.419343929658438,0.371363416488149,0.23338282078473,0.293581294574343,0.254953683823078,0.160707591377694,0.192644135188867,0.446464646464646,0.193133951137321,0.0749954734745609,0.215655940594059,0.0731753286528766,0.0405455380856858,0.0930074446748479,0.193979631688046,0.0836363636363636,0.226558060238682,0.157285979625148,0.107796802233185,0.314123087869086,0.520522388059702,0.297773793515613,0.167592410538734,0.241233573268177,0.298056679376352,0.248722044728435,0.449484536082474,0.315000985610093,0.245769382133018
0.267357660088031,0.373689550219817,0.265081887913759,0.142905620360551,0.421594294484066,0.311391939144838,0.249531396438613,0.299254473161034,0.340909090909091,0.43681550126369,0.0836139779105558,0.318864922206506,0.0920699241389059,0.0255473498220016,0.380630247815889,0.286658455252801,0.128813131313131,0.434741428300815,0.19077503236337,0.172608929978027,0.192102454642476,0.358475479744136,0.192190846157677,0.0841034211561148,0.379911510268771,0.191819231403596,0.176996805111821,0.379725085910653,0.130297654247979,0.195592286501377
0.48364806663827,0.500845451471086,0.486559325547647,0.333361611876988,0.49173964069694,0.501871050855776,0.396438612933458,0.394831013916501,0.437878787878788,0.314026958719461,0.173528879232301,0.150459688826025,0.138905903972106,0.117049372616259,0.139613148859503,0.404872773154685,0.107373737373737,0.213487402917219,0.103956773794113,0.186704531321255,0.547491995731057,0.581023454157783,0.503959360525923,0.36762681871805,0.5767021065839,0.690892685624472,0.52444089456869,0.652577319587629,0.344569288389513,0.517250426341335
0.270670642245255,0.083192424754819,0.256305714878032,0.149098621420997,0.317956125304685,0.118274952456904,0.0552952202436739,0.119383697813121,0.264141414141414,0.269376579612468,0.0412094875973203,0.06309671145686,0.0362813928285351,0.0197385869950952,0.15018526702247,0.0779433412443296,0.0229166666666667,0.155919681757909,0.13012889063995,0.121581471193842,0.203486303806475,0.130597014925373,0.187808157776782,0.0938114431773496,0.397741530740276,0.129435049625986,0.0749600638977636,0.282611683848797,0.238517642420658,0.25974025974026
0.372899805953902,0.456543794386202,0.391196185474397,0.223923647932131,0.467364809966598,0.547880498128949,0.397610121836926,0.441252485089463,0.341919191919192,0.352990732940185,0.0608727141046533,0.133044554455446,0.133534373085803,0.0343632213792356,0.216473467722745,0.367771201970739,0.140176767676768,0.356696344004546,0.247199864918107,0.118057570858035,0.289932408395589,0.420042643923241,0.339608546242343,0.14734073928431,0.399062272997425,0.424474391438911,0.366533546325879,0.593470790378007,0.282870096589789,0.209694346057982
0.330304321075299,0.24822455191072,0.329210144426785,0.194655355249205,0.514308928410219,0.332863014538985,0.2293580131209,0.260735586481113,0.428282828282828,0.238837405223252,0.11352525801195,0.0993635077793494,0.0850963577251096,0.0540495108311947,0.157663935819424,0.184291164718959,0.0787626262626263,0.254214813411631,0.179236787302302,0.0621933861227423,0.300960512273212,0.267857142857143,0.287315105333931,0.157491152182462,0.528495014197979,0.290003977840518,0.256309904153355,0.472164948453608,0.296274393849793,0.160894660894661
0.490747314118037,0.451471085559689,0.464446133646604,0.334931071049841,0.306852035749752,0.133488743021901,0.0677366447985005,0.141003976143141,0.254545454545455,0.0655012636899748,0.104725692558392,0.211456859971711,0.0857560194129011,0.0702430715094191,0.136417717646259,0.0661519512121849,0.0314646464646465,0.145311612047736,0.0876343783418697,0.0236032226414051,0.424048381358947,0.518390191897655,0.387419692215748,0.253834054266614,0.348874067225781,0.117695569073745,0.0967252396166134,0.28298969072165,0.17484723043564,0.0663124754033845
0.354441762506508,0.516739939127494,0.359477575841338,0.217560975609756,0.322650537149048,0.317833261763082,0.236410496719775,0.193339960238569,0.41010101010101,0.283277169334457,0.051674814412457,0.158857850070721,0.0875465297083353,0.0304595833380028,0.184417173743074,0.332547240664524,0.0966919191919192,0.220117446486077,0.180081049136039,0.180209499329768,0.294912842404838,0.525319829424307,0.314208874943971,0.15328843885175,0.414911180083207,0.381203248246354,0.322683706070288,0.414089347079038,0.3197319140548,0.309982946346583
0.381418902929623,0.237740953669259,0.37965586345104,0.231558854718982,0.41708043694141,0.35893503466045,0.180904404873477,0.305268389662028,0.307070707070707,0.394481887110362,0.0943327901502806,0.106546145685997,0.0728926165009659,0.0523685183732476,0.0819254172757249,0.119701384925046,0.0504040404040404,0.190187535518091,0.0375415095401587,0.0809184251620303,0.314123087869086,0.224147121535181,0.295283629662832,0.165085528902871,0.279535098725484,0.184639714371647,0.148242811501597,0.349828178694158,0.120638675340036,0.199724517906336
0.329357754744664,0.117010483598241,0.321470527261419,0.191177094379639,0.65153019770696,0.239770566222931,0.236644798500469,0.328777335984095,0.462626262626263,0.30770850884583,0.157378236465689,0.50274045261669,0.157093719078358,0.0708594354106665,0.283067613964714,0.226950461140986,0.120277777777778,0.540443265770032,0.130410311251196,0.160067990547656,0.237993596584845,0.0895522388059702,0.219682255092385,0.115046205269367,0.450571221026217,0.105859068021073,0.124520766773163,0.348797250859107,0.117287601025034,0.114718614718615
0.114723839273037,0.405478525532634,0.109252988736093,0.0541675503711559,0.467364809966598,0.12947058462671,0.0479615745079663,0.0624751491053678,0.487373737373737,0.338037068239259,0.115408292594604,0.556444483734088,0.0943316213541912,0.0343071882973041,0.442839174626916,0.108811247634212,0.034520202020202,0.16431142261792,0.317414307423876,0.127661926675235,0.103877623621487,0.51226012793177,0.0912396035659147,0.0428136059771923,0.537740209998019,0.0892685624472451,0.0490495207667732,0.129553264604811,0.257638478218017,0.183654729109275
0.156609399403663,0.605343253297261,0.151198949623385,0.0754612937433722,0.3400740272637,0.175449358935035,0.140557638238051,0.136083499005964,0.269191919191919,0.238205560235889,0.0392540286076408,0.415222772277228,0.0320407105498751,0.0143033780477327,0.351395451609613,0.188572115240184,0.121313131313131,0.326008713771548,0.148421230370912,0.139684645467988,0.103521878335112,0.610074626865672,0.0954230788385876,0.0423712151002753,0.443967509740474,0.139428161170455,0.159744408945687,0.313642611683849,0.130297654247979,0.182277318640955
0.401296795872971,0.330402434900237,0.400179669684196,0.256797454931071,0.510697842376095,0.315686154223667,0.34348641049672,0.401938369781312,0.43989898989899,0.16849199663016,0.131377874343654,0.0940815063649222,0.110116383169203,0.0775273721605236,0.15389060747187,0.0945414125634632,0.0710353535353535,0.207046789164615,0.0856644340631508,0.054109144175891,0.403059409462825,0.372601279317697,0.37098461078739,0.238596146283917,0.550947632569504,0.205790183465766,0.30279552715655,0.520274914089347,0.250739207569486,0.164961301324938
0.327464622083393,0.322286100777815,0.310552138760279,0.194867444326617,0.246276067527309,0.103920004907674,0.0701733833177132,0.102882703777336,0.262121212121212,0.125947767481045,0.0797030599311968,0.125132602545969,0.0612071808886585,0.0403587611459139,0.067681952612435,0.0643494457295641,0.0386363636363636,0.118867209698807,0.0385264816795182,0.0456794218039606,0.301672002845962,0.383795309168444,0.268887892823348,0.158597129374754,0.232648748596711,0.110807113543092,0.133626198083067,0.280068728522337,0.155923516656811,0.137675455857274
0.249372899805954,0.430503889076767,0.237647709211527,0.137009544008484,0.264421774848786,0.100055211336728,0.0401593252108716,0.0626739562624254,0.244444444444444,0.206402695871946,0.0407025167481441,0.17211810466761,0.0386373274277906,0.020989992491567,0.115001529727708,0.0735872863279959,0.0237626262626263,0.0862095093767759,0.115354308549558,0.0519671655404005,0.221985058697972,0.53224946695096,0.210817271776483,0.107574714903657,0.359440005282969,0.148548088211039,0.0982428115015974,0.217697594501718,0.302582298442736,0.177030040666404
0.315159259785129,0.199188366587758,0.301223135927026,0.183160127253446,0.375552947548975,0.143917551070486,0.110238987816307,0.185437375745527,0.331818181818182,0.139848357203033,0.0770233568712656,0.0665222772277228,0.0583800593695519,0.0380800824806966,0.161709215759595,0.0768167753176916,0.0457070707070707,0.208941087327145,0.156160297180165,0.031065599823114,0.246175738171469,0.187366737739872,0.217640320733104,0.122443963822257,0.373968170111603,0.0987765714895557,0.122444089456869,0.316907216494845,0.190222747880938,0.0659845205299751
0.268304226418666,0.286100777815353,0.26881348904706,0.145111346765642,0.496253498239596,0.349733145205816,0.187839737582006,0.252186878727634,0.293434343434343,0.391322662173547,0.0437805540467137,0.0603341584158416,0.0442444517740188,0.0216623894747459,0.135669850766564,0.170997686784631,0.0665656565656566,0.195491570373177,0.136601564698599,0.0921810870196095,0.229455709711846,0.26998933901919,0.223517107425669,0.110229060165159,0.542362807898039,0.346275868090928,0.286102236421725,0.483505154639175,0.328208160851567,0.316542043814771
0.321311940934261,0.425431180250254,0.323681846451524,0.188928950159067,0.608197165297463,0.329182258757131,0.324507966260544,0.324353876739563,0.390909090909091,0.396166807076664,0.183813145029875,0.387155233380481,0.195495453046223,0.0801235716233531,0.410884862494476,0.234536005047015,0.11780303030303,0.390225421481341,0.267462148927787,0.117850282602988,0.300960512273212,0.586087420042644,0.304746252303402,0.152796893432953,0.677078518127187,0.276421107780074,0.304233226837061,0.574914089347079,0.298639858072147,0.251147842056933
0.240853802830233,0.126141359485965,0.23522907884735,0.127974549310711,0.517920014444344,0.21688853444574,0.0885895032802249,0.139065606361829,0.301515151515151,0.339511373209773,0.0506246605105921,0.0317804101838755,0.0450925882297507,0.0219238771904266,0.190842030118639,0.0696818577823174,0.0454040404040404,0.151278651259708,0.165165756740024,0.0462667385265951,0.196371398078975,0.0999466950959488,0.181831764530106,0.0896333071175777,0.534438354355148,0.131860562136779,0.129552715654952,0.254054982817869,0.239700374531835,0.16712580348944
0.438686165933078,0.331416976665539,0.456153686683712,0.285174973488865,0.451114922813036,0.521195018710509,0.52389878163074,0.456958250497018,0.551010101010101,0.333192923336142,0.0735831975375701,0.13823815417256,0.108985534561561,0.0491559550091707,0.254410714892749,0.393907531468742,0.204015151515152,0.419587043000568,0.279281814600101,0.188639221701698,0.336535040910708,0.293976545842218,0.357039693211813,0.185435509241054,0.439344911840454,0.406428578358607,0.471006389776358,0.609965635738832,0.34555489848216,0.238226420044602
0.577831416536514,0.210686506594521,0.570174832423468,0.429904559915164,0.309740904577052,0.30403042758113,0.279522024367385,0.480467196819086,0.343939393939394,0.0379106992417861,0.321745428209306,0.0604225601131542,0.292795551995477,0.210120321704601,0.261515450249856,0.212530417280019,0.10969696969697,0.529266906611101,0.333173861653627,0.0852369304755193,0.501600853788687,0.154317697228145,0.479057721998107,0.321913094769957,0.272271016311167,0.169116434302568,0.180830670926518,0.610652920962199,0.173073132268874,0.0489964580873672
0.344502816034834,0.286100777815353,0.327758966208279,0.207677624602333,0.118533899070145,0.100668670633703,0.0579896907216495,0.0682902584493042,0.29040404040404,0.124262847514743,0.0429114611624117,0.0682461103253183,0.0425952975545399,0.0256967713738191,0.0494951898562056,0.0865052422867786,0.0272474747474747,0.0993180526614889,0.0442956042100523,0.0366969307519036,0.294912842404838,0.352878464818763,0.275860351611136,0.155942784113252,0.153734398732087,0.183766529867761,0.125,0.258762886597938,0.211117681845062,0.142463597009052
0.415022007667187,0.356442340209672,0.406399004906364,0.262057264050901,0.450212151304505,0.309858290902399,0.268744142455483,0.32117296222664,0.441919191919192,0.275273799494524,0.0853883758826725,0.123917079207921,0.0700654949818593,0.047418929469292,0.103783526532277,0.161384324210653,0.0602020202020202,0.163610532297784,0.138430798671695,0.0772563326561917,0.413731768054073,0.486940298507463,0.375964938492953,0.221883602044829,0.55490985934095,0.408174947366379,0.317571884984026,0.508247422680412,0.478612260989553,0.336875245966155
0.317998958777036,0.26817720662834,0.303849077465275,0.181378579003181,0.423129006048569,0.184620575424821,0.106560449859419,0.157057654075547,0.339393939393939,0.229991575400168,0.0476552598225602,0.129508486562942,0.0380247844319842,0.0258461929256366,0.0520787299860625,0.0445669480578003,0.0428787878787879,0.174900549346467,0.069904879833399,0.0217376283459779,0.250088936321594,0.306769722814499,0.225957468001395,0.123205859221392,0.321798850954236,0.104112699013302,0.139137380191693,0.31192439862543,0.187857283658585,0.0955004591368228
0.768091248994273,0.58369969563747,0.758136963582337,0.647507953340403,0.383316782522344,0.456475062879578,0.45688847235239,0.614811133200795,0.428787878787879,0.27653748946925,0.342748506246605,0.133331859971711,0.305800310983367,0.278293904721348,0.160281469898358,0.198110373419052,0.113560606060606,0.325061564690282,0.112821523048348,0.0745615853405746,0.821060120953397,0.599413646055437,0.774889187708551,0.678037750688164,0.508023509212177,0.373829690213542,0.464856230031949,0.89106529209622,0.303173664498325,0.208120162665617
0.234227838515784,0.399729455529253,0.226245594637551,0.125174973488865,0.406698564593302,0.181307895221152,0.0779756326148079,0.0998011928429424,0.317171717171717,0.252316764953665,0.0725330436357052,0.124314886845827,0.0585685341374923,0.0335974359261708,0.207023149879321,0.171373208760177,0.0463383838383838,0.146069331312749,0.0689199076940395,0.102303663474428,0.204197794379224,0.376599147121535,0.184919567707555,0.097768383798663,0.520570560655088,0.206275285967925,0.120047923322684,0.249037800687285,0.172087522176227,0.199199790108881
0.543281745468314,0.297937098410551,0.534240895584272,0.395121951219512,0.416267942583732,0.263542113980737,0.312792877225867,0.437127236580517,0.541414141414141,0.21609098567818,0.213000181061018,0.246375530410184,0.18965273524007,0.137837646012873,0.161743209708672,0.106933637756482,0.0708585858585859,0.268990339079371,0.222575561434119,0.0988143111811285,0.533617929562433,0.417377398720682,0.50694755714926,0.348456547384978,0.453212705540514,0.176198930834085,0.252156549520767,0.56426116838488,0.419869899467771,0.201692247146793
0.13048416867812,0.0764288129861346,0.120585999585378,0.0615058324496288,0.359935000451386,0.0663762959327649,0,0,0.425757575757576,0.30033698399326,0.0316132536664856,0.0300123762376238,0.0217217170051359,0.0101942853727507,0.147091817656457,0.0255655360951723,0,0,0.209489503011201,0.0803311084393958,0.095695482034863,0.0554371002132196,0.080282882613676,0.0387583562721195,0.344911840454335,0.0434166739432042,0,0,0.303567908535383,0.173619309982946
0.26309811160017,0.282718971931011,0.246216571073181,0.147783669141039,0.196172248803828,0.021839150972333,0.00279756326148079,0.0270825049701789,0.236363636363636,0.0398062342038754,0.0867644396161506,0.130945014144272,0.0740705838005937,0.0401533065121648,0.138355372743652,0.0183329828461562,0.00200227272727273,0.0685167645387384,0.176563291495469,0.00563824053729116,0.205976520811099,0.238805970149254,0.18133373175955,0.0984319701140386,0.143696757577759,0.0155038759689923,0.00286022364217252,0.0561855670103093,0.131677508377686,0.00111504656959205
0.557953523593166,0.39634764964491,0.546679566028609,0.402332979851538,0.347837862237068,0.370590761302988,0.248359887535145,0.302683896620278,0.451010101010101,0.22893850042123,0.192178164041282,0.258530763790665,0.170192715450219,0.152126081905424,0.19835469286467,0.275768317961967,0.0988383838383838,0.34400454631559,0.194152079698317,0.122652460511587,0.590892920668801,0.595682302771855,0.551272473728771,0.414815178922532,0.51924981839794,0.441841061016193,0.370127795527157,0.703780068728522,0.416715947171299,0.286370195461105
0.25031946613659,0.685153872167737,0.232395826135029,0.136542948038176,0.219915139478198,0.0447825286792221,0,0,0.323737373737374,0.203032855939343,0.12094875973203,0.726396746817539,0.10022145785233,0.0529101714985861,0.191249957507564,0.0449950431099228,0,0,0.331063207069286,0.0774290728687313,0.196371398078975,0.693763326226013,0.17266796155187,0.0918452615021628,0.152215545136367,0.0240998923072445,0,0,0.166370983638872,0.081267217630854
0.215769795068389,0.0341562394318566,0.206896551724138,0.112661717921527,0.300984020944299,0.123642721305441,0.032029053420806,0.0442693836978131,0.39040404040404,0.232518955349621,0.007133804091979,0,0.0164915421947887,0.0049234401323875,0.081959411224802,0.0837263796677382,0.0253282828282828,0.0884068952453116,0.175015478133619,0.036524190539364,0.156883671291355,0.0226545842217484,0.153493699885453,0.0694553676759733,0.251139140196791,0.131278439134189,0.0664856230031949,0.162027491408935,0.359747683816282,0.126590581136036
0.255998864120403,0.262766317213392,0.254647225485454,0.135482502651113,0.465559266949535,0.338384148211766,0.13805060918463,0.143141153081511,0.363131313131313,0.335299073294018,0.0540648198442875,0.113330975954738,0.0640814210997503,0.0231566049929212,0.170037733283476,0.261348274101,0.120126262626263,0.199090736881985,0.147717678842798,0.206915136188384,0.222340803984347,0.296108742004264,0.223218287763335,0.102069406213134,0.472363468269167,0.322117763483424,0.256070287539936,0.336907216494845,0.247191011235955,0.372294372294372
0.354915045671826,0.397362191410213,0.348697394789579,0.214082714740191,0.377448767716891,0.245659775473897,0.282099343955014,0.245427435387674,0.512626262626263,0.134793597304128,0.111859496650371,0.41102369165488,0.119869952410121,0.0598956290460554,0.260257674134004,0.207122900832157,0.135631313131313,0.333585906421671,0.229329656104013,0.0813330016721253,0.294557097118463,0.459221748400853,0.2888092036456,0.15328843885175,0.392458561711682,0.165235614285298,0.267492012779553,0.420962199312715,0.286812536960378,0.088023088023088
0.132803256188177,0.345958741968211,0.126598023633474,0.064050901378579,0.449309379795974,0.103153180786455,0.0160004686035614,0.039448310139165,0.146464646464647,0.398904802021904,0.0809342748506247,0.371905940594059,0.0647882014795269,0.0247442089809824,0.320121018458714,0.09296422026617,0.0134040404040404,0.0994506535328661,0.142511397534755,0.164870168456255,0.106367840626112,0.380330490405117,0.0916380297823597,0.0444602831301612,0.399062272997425,0.0654306254911663,0.0163658146964856,0.0818213058419244,0.0727380248373743,0.228518955791683
0.646457475507596,0.258369969563747,0.628912998410614,0.505408271474019,0.377629322018597,0.270596895895957,0.357778819119025,0.444383697813121,0.258080808080808,0.101516427969672,0.181857686040196,0.0657045615275813,0.158413042453941,0.131151031569038,0.152904782948635,0.125409318953345,0.0677020202020202,0.233377533623792,0.068638487082794,0.0281981122949574,0.620419779437922,0.297174840085288,0.579660341650481,0.432756586708612,0.561513570626692,0.269920734251147,0.332188498402556,0.725773195876289,0.221565148827124,0.101731601731602
0.296227933172417,0.352384173148461,0.297698845967798,0.169416755037116,0.272727272727273,0.315686154223667,0.236644798500469,0.140805168986084,0.273232323232323,0.302443133951137,0.0613796849538294,0.100181223479491,0.123074023465109,0.0317670219164061,0.109324540231839,0.483056448463364,0.194015151515152,0.259139988634211,0.10381606348849,0.250065641280765,0.267164710067592,0.359275053304904,0.321679366502316,0.134757176563114,0.323119593211385,0.521300850869789,0.523642172523962,0.466323024054983,0.252316183717721,0.45821854912764
0.279663022386294,0.148799458911058,0.284430930827172,0.156394485683987,0.315699196533357,0.353413900987669,0.321930646672915,0.197813121272366,0.270707070707071,0.29759898904802,0.0329531051964512,0.0176803394625177,0.0770861800876408,0.0178334622094218,0.128769079103919,0.403070267672064,0.206010101010101,0.259518848266717,0.0672313840265661,0.230096872711192,0.229811454998221,0.151385927505331,0.271876089446686,0.11155623279591,0.358119263025821,0.540996012457432,0.617172523961661,0.536426116838488,0.211709047900651,0.411648957103503
0.625633016233613,0.578965167399391,0.621311588694631,0.462566277836691,0.419066534260179,0.452487577449236,0.384489222118088,0.628727634194831,0.411616161616162,0.215669755686605,0.313090711569799,0.338534299858557,0.300193186637139,0.180796342160411,0.228643301492334,0.334124432961817,0.149090909090909,0.480394014017806,0.41112737096865,0.117159321752829,0.578441835645678,0.580756929637527,0.545794113252652,0.365169091624066,0.373968170111603,0.304945134907006,0.295766773162939,0.739518900343643,0.336290163611275,0.139577594123049
0.130152870462398,0.190395671288468,0.138138345656831,0.0664687168610816,0.492642412205471,0.431016502055089,0.962511715089035,0.390506958250497,0.751515151515152,0.90564448188711,0.258193011044722,0.509149575671853,0.156245582622626,0.080403737033011,0.314681986606384,0.703037221738216,1,1,0.388050880846513,1,0.109925293489861,0.19909381663113,0.102744160565765,0.0479994101454974,0.383213365911642,0.242463932628964,0.656230031948882,0.539862542955326,0.304159274590972,0.464777646595828
0.209617113919258,0.176192086574231,0.205514477230323,0.109650053022269,0.34269206463844,0.190693822464879,0.144821930646673,0.11734592445328,0.054040404040404,0.257160909856782,0.0807170016295491,0.165266973125884,0.0539509023229515,0.0298245417427783,0.191827854641874,0.263075675188512,0.149368686868687,0.32430384542527,0.193729948781449,0.134364246921769,0.15795090715048,0.151385927505331,0.142985208426715,0.0693079040503343,0.270289902925444,0.129726111127281,0.131629392971246,0.216357388316151,0.0484920165582496,0.126131444313263
0.313739410289176,0.506594521474467,0.303849077465275,0.182014846235419,0.360657217658211,0.181706643764186,0.123828491096532,0.153330019880716,0.354040404040404,0.238837405223252,0.0432735831975376,0.142503536067892,0.0468830985251849,0.0243332997134842,0.0807356290580276,0.0712590500796107,0.0453535353535354,0.130327713582118,0.0752518714470648,0.0196992938380111,0.31874777659196,0.62953091684435,0.312714776632302,0.163070192685804,0.501419797926435,0.25333022867732,0.303194888178914,0.456701030927835,0.37551744529864,0.157155975337794
0.536182497988547,0.367602299628001,0.532167783843549,0.385365853658537,0.489031326171346,0.323354395435863,0.367619493908154,0.469731610337972,0.404040404040404,0.199031171019377,0.156943690023538,0.124270685997171,0.115959100975357,0.113108379187072,0.151714994730938,0.12405743984138,0.0735606060606061,0.19814358780072,0.108459503574042,0.0632298273979796,0.495553183920313,0.377931769722815,0.45714428009363,0.32142154935116,0.515287591626494,0.219567094527074,0.300239616613419,0.518900343642612,0.29745712596097,0.154729109274564
0.280609588716929,0.223875549543456,0.267707829452007,0.158176033934252,0.241762209984653,0.105146923501626,0.0907450796626054,0.118141153081511,0.388383838383838,0.141322662173547,0.0299474923049068,0.121198727015559,0.0346793573010413,0.0167128005707903,0.121868307441275,0.102277165259711,0.0586111111111111,0.159499905285092,0.14982833342714,0.0434337990409463,0.211668445393099,0.265991471215352,0.201205239304746,0.102093983484074,0.254440995839662,0.11963597908238,0.140894568690096,0.28298969072165,0.287601025034496,0.0947789584153221
0.283922570874154,0.326006087250592,0.281459470665469,0.157158006362672,0.389636183082062,0.285626648671861,0.166518275538894,0.14662027833002,0.354040404040404,0.325189553496209,0.0568169473112439,0.0455710749646393,0.0804787259105687,0.0258648706196138,0.136451711595336,0.22755129630186,0.110934343434343,0.185849592725895,0.2761861878764,0.127040061910092,0.230878690857346,0.264658848614073,0.243039992031476,0.110376523790798,0.380571881397345,0.289130793336632,0.274680511182109,0.338762886597938,0.400354819633353,0.240194149285058
0.314212693454494,0.457220155563071,0.299910165157902,0.182269353128314,0.359573891847973,0.147506287957794,0.0696813495782568,0.121421471172962,0.305050505050505,0.169545071609099,0.0849176172370089,0.215655940594059,0.0616783678085096,0.0456445485414589,0.141244858415202,0.140730615555622,0.0510353535353535,0.17169918545179,0.182754544942872,0.0583240053618562,0.263963002490217,0.454957356076759,0.234922057871408,0.133847817538341,0.333025160139999,0.120703204587129,0.0837859424920128,0.246529209621993,0.212300413956239,0.0950413223140496
0.307113445974727,0.147108555968887,0.300808513578882,0.170858960763521,0.49173964069694,0.294828538126495,0.135567010309278,0.261729622266402,0.363131313131313,0.346040438079191,0.0171283722614521,0.0470960042432815,0.0162559487348631,0.0112775916234278,0.0930414386239249,0.0921380719199688,0.0336868686868687,0.166527751468081,0.128018236055609,0.0653718060334701,0.245464247598719,0.167910447761194,0.221773992728722,0.116742036964216,0.449910849897643,0.215977336011099,0.147603833865815,0.458762886597938,0.327616794795979,0.25068870523416
0.320365374603625,0.475481907338519,0.309239167991155,0.189395546129374,0.250970479371671,0.149346665848721,0.110051546391753,0.116500994035785,0.36010101010101,0.0911962931760741,0.117037841752671,0.153995756718529,0.097629929793149,0.0618754646076377,0.0896760376652956,0.183389911977649,0.0851262626262626,0.19075582496685,0.254657511116114,0.0757362187858436,0.251867662753469,0.381663113006397,0.237013795507744,0.12799842705466,0.148649541042066,0.113426667054749,0.108546325878594,0.209828178694158,0.216439976345358,0.0535878263150991
0.309953144966634,0.0415962123774095,0.304885633335637,0.176330858960764,0.690349372573802,0.26170173608981,0.161129334582943,0.325844930417495,0.678282828282828,0.346461668070767,0.108129639688575,0.144492574257426,0.0892899213117844,0.0482781033922428,0.39728728286365,0.196307867936432,0.0293434343434343,0.156071225610911,0.250999043169922,0.182040545582687,0.218783351120598,0.0125266524520256,0.203944419542806,0.103298269760126,0.488212375354949,0.107314375527549,0.068202875399361,0.254536082474227,0.225704711216243,0.110651974288338
0.0799848549387098,0.160297598917822,0.0734572593462788,0.0355037115588547,0.349823959555837,0.071713391816453,0,0,0.334343434343434,0.363942712721146,0.0394350896252037,0.0943909123055163,0.0319464731659049,0.00851329291480357,0.253560866165822,0.0432225793853456,0,0,0.270557775651489,0.086515208048312,0.0473852721451441,0.133795309168444,0.0395936052592261,0.0181871804954778,0.297365119196989,0.0419904725868576,0,0,0.202444313029765,0.153745244654336
0.560319939419755,0.414609401420358,0.55220786400387,0.409968186638388,0.443892750744787,0.366603275872646,0.373477038425492,0.434592445328032,0.445959595959596,0.239258635214827,0.256237552055043,0.347153465346535,0.176035433256373,0.181356672979727,0.216235510079206,0.290113257427825,0.134368686868687,0.347414283008145,0.224404795407216,0.125070823487141,0.524012806830309,0.503997867803838,0.472583295980876,0.348456547384978,0.44792973651192,0.309505098427298,0.312460063897764,0.586941580756014,0.284249950719495,0.184310638856093
0.321785224099579,0.205613797768008,0.308064404671412,0.187656415694592,0.320844994131985,0.146616771977179,0.0247188378631678,0.0493886679920477,0.174242424242424,0.17944397641112,0.088647474198805,0.0272056223479491,0.0696414267539933,0.0420957866857926,0.160417445694666,0.069907170967645,0.0195479797979798,0.107160447054366,0.0617436821072775,0.0576675925542059,0.261117040199217,0.146055437100213,0.236515762737188,0.128145890680299,0.237931717625305,0.0774320613945727,0.028091054313099,0.113814432989691,0.0579538734476641,0.0856618129345402
0.294334800511146,0.206628339533311,0.278349803054385,0.167041357370095,0.293220185970931,0.101619532544016,0.00342314901593252,0.0162077534791252,0.288888888888889,0.189132266217355,0.028535216367916,0.0471402050919378,0.0210620553173444,0.0162458582213606,0.0652343882788863,0.0421260552167513,0.00284848484848485,0.0451979541579845,0.0782067878651432,0.058393101446872,0.230522945570971,0.224680170575693,0.207131829274366,0.111015532835234,0.274912500825464,0.104112699013302,0.00894568690095847,0.0859106529209622,0.214074512123004,0.188967598058507
0.522930569359648,0.241460940142036,0.509363554695598,0.359066808059385,0.332581023742891,0.318446721060058,0.255388940955951,0.310834990059642,0.333333333333333,0.165122156697557,0.0677530327720442,0.0509193776520509,0.0548461574706686,0.0541055439131263,0.0817214535812625,0.100249346591763,0.0751262626262626,0.184750899791627,0.0713119828896268,0.0532454431131932,0.44290288153682,0.266524520255864,0.412819363514119,0.272021234762092,0.364062603182989,0.2321797595832,0.342651757188498,0.527491408934708,0.251724817662133,0.178473042109406
0.154716266742392,0.218802840716943,0.157072766222099,0.0766489925768823,0.482711925611628,0.281332433593031,0.15759137769447,0.1970675944334,0.344949494949495,0.480834035383319,0.0927756653992396,0.245491513437058,0.0395797012674928,0.0296564424969835,0.298364891049393,0.303406735362153,0.101111111111111,0.292479636294753,0.271683458096471,0.231513342454017,0.11917467093561,0.228944562899787,0.105184521141491,0.0504325599685411,0.455854190054811,0.202491486451087,0.151597444089457,0.334845360824742,0.205598265326237,0.275350911714548
0.27398362440248,0.395671288468042,0.264183539492779,0.154358430540827,0.314706147873973,0.143028035089872,0.0729147141518275,0.14234592445328,0.32020202020202,0.271903959561921,0.224370812963969,0.306709688826025,0.205484615747067,0.0875012607443435,0.0971547064622497,0.117523357466879,0.0549494949494949,0.332828187156658,0.363707997973772,0.172056161297901,0.207043756670224,0.305970149253731,0.1923900592659,0.0969081793157688,0.149970283299214,0.0606281107197951,0.0414217252396166,0.164020618556701,0.121032919377094,0.0896628623901351
0.593923044157319,0.769699019276293,0.581922465620897,0.457900318133616,0.285004965243297,0.2871602969143,0.268275538894096,0.329870775347913,0.185858585858586,0.0667649536647009,0.227304001448488,0.212340876944837,0.186825613720963,0.192563289366042,0.130060849168848,0.181662510890137,0.0672727272727273,0.204205341920818,0.0765182641976698,0.0470267954617692,0.710423336890786,0.889925373134329,0.646396732905025,0.563261895399135,0.459816416826256,0.371016095701022,0.31908945686901,0.558419243986254,0.226296077271831,0.135379771743408
0.23943395333428,0.623266824484275,0.228456913827655,0.129968186638388,0.314976979326533,0.124593583215754,0.0554592314901593,0.118141153081511,0.401010101010101,0.147851727042966,0.179105558573239,0.504508486562942,0.157470668614239,0.0712703446781646,0.197300880443281,0.0998738246162165,0.0369949494949495,0.224095472627392,0.17712613271796,0.103236460622141,0.2017075773746,0.567963752665245,0.183425469395886,0.0939834840739284,0.217460212639503,0.0678852441520893,0.0441214057507987,0.190618556701031,0.165385373546225,0.0744457562639381
0.352075346679919,0.340209671964829,0.350286780457467,0.211664899257688,0.405254130179652,0.290534323047666,0.219962511715089,0.290208747514911,0.413636363636364,0.293597304128054,0.0644577222523991,0.329473125884017,0.0762851623238939,0.0374450408854721,0.213889927592888,0.200513714062547,0.0838636363636364,0.269748058344383,0.0948106039286317,0.122894296809143,0.298826040554963,0.502132196162047,0.294287564121719,0.157589461266221,0.475004952783464,0.267107139738627,0.255111821086262,0.537800687285223,0.227281687364479,0.252459661550571
0.127123858204364,0.296922556645248,0.122313592702647,0.0617603393425239,0.332490746592038,0.132507208146739,0.0690721649484536,0.0752485089463221,0.594949494949495,0.298441449031171,0.0963606735469853,0.21875,0.0853790698770202,0.0297498309668695,0.196756977258048,0.13246913209361,0.0685353535353535,0.187213487402917,0.164884336128778,0.104272901897379,0.114194236926361,0.362473347547975,0.101947308132875,0.0491545418796697,0.344911840454335,0.123128717097923,0.101996805111821,0.225429553264605,0.317169327813917,0.198084743539289
0.188319371479957,0.267500845451471,0.186580056665054,0.0942099681866384,0.399386115374199,0.239678547328385,0.123313027179007,0.138568588469185,0.282323232323232,0.297388374052233,0.0141951837769328,0.270243988684583,0.0192244263299251,0.00614122577970034,0.264744875412177,0.236789136900291,0.111136363636364,0.254972532676643,0.075111161141442,0.09117919378688,0.131270010672359,0.386194029850746,0.12958812689875,0.0546352732992528,0.473023839397742,0.217044561515848,0.169568690095847,0.338865979381443,0.142716341415336,0.181949363767546
0.0765298878318899,0.38112952316537,0.075115748738857,0.0332131495227996,0.647016340164304,0.215477578062696,0.07029053420806,0.0460188866799205,0.387878787878788,0.37089300758214,0.0893355060655441,0.377210042432815,0.0817980492861518,0.0216437117807687,0.347316177720366,0.220566587556704,0.0757575757575757,0.175393066868725,0.361456633083807,0.074388845128035,0.0581643543223052,0.400319829424307,0.0580208177698093,0.0218000393236335,0.61236214752691,0.138263915165274,0.0718929712460064,0.0954639175257732,0.277350680070964,0.144824872097599
0.219556060390932,0.286438958403788,0.22520903876719,0.11253446447508,0.585627877584183,0.395435862830501,0.238987816307404,0.276540755467197,0.453030303030303,0.475779275484415,0.108129639688575,0.304941654879774,0.106959430806201,0.0393128102831912,0.437740082265357,0.223871180941509,0.125277777777778,0.348740291721917,0.143355659368492,0.149323549327695,0.193169690501601,0.356609808102345,0.187907764330893,0.0842754620526937,0.70547447665588,0.252748105674729,0.254472843450479,0.48659793814433,0.215848610289769,0.247015610651974
0.601495574802404,0.390260399053094,0.595743210559049,0.449416755037116,0.514308928410219,0.431016502055089,0.462511715089035,0.635685884691849,0.50959595959596,0.211246840775063,0.229621582473293,0.0943025106082037,0.180370352919003,0.16292178902424,0.150831152054934,0.28395469702887,0.0967676767676768,0.389846561848835,0.205690324759385,0.127005513867584,0.55638562789043,0.360074626865672,0.508441655460929,0.374508454581203,0.48358977745493,0.385375129764919,0.359744408945687,0.835051546391753,0.403705893948354,0.21343303161485
0.165601779544702,0.178221170104836,0.163775827517103,0.0806362672322375,0.411031867834251,0.251272928041224,0.148430178069353,0.110238568588469,0.436868686868687,0.404170176916597,0.0782545717906935,0.169466053748232,0.0851434764170947,0.0260890029473401,0.19209980623449,0.273515186108691,0.13290404040404,0.239439287743891,0.193167107558958,0.135953456877133,0.149413020277481,0.25453091684435,0.154390158872454,0.0627211954384585,0.406326355411742,0.264196524725675,0.234744408945687,0.319931271477663,0.286812536960378,0.271677817132363
0.278716456055658,0.219817382482246,0.266671273581646,0.156394485683987,0.375733501850682,0.131310962517637,0.091377694470478,0.0802683896620278,0.47979797979798,0.162805391743892,0.044541010320478,0.189798444130127,0.0371766479762522,0.0213635463711108,0.12934697623823,0.146663862769249,0.0653787878787879,0.119909073688199,0.253953959588,0.0436065392534859,0.212379935965848,0.309701492537313,0.193535534638179,0.101332088084939,0.359440005282969,0.148936170212766,0.159105431309904,0.198625429553265,0.401931795781589,0.102190738554375
0.127171186520895,0.283733513696314,0.119342132540944,0.0605726405090138,0.275164755800307,0.10704864732225,0.0346532333645736,0.0286729622266402,0.313131313131313,0.298230834035383,0.0833242802824552,0.210351838755304,0.0715261744333977,0.0264812345208611,0.315021926097155,0.0774927148736744,0.0260353535353535,0.074521689713961,0.268024990150279,0.0720050301949892,0.114549982212736,0.335820895522388,0.103092783505155,0.0479256783326779,0.446608994254771,0.0952838334740131,0.0511900958466454,0.0859106529209622,0.294106051645969,0.155516200970746
0.234701121681102,0.373689550219817,0.235505493746113,0.126193001060445,0.301706238151124,0.250659468744249,0.154029990627929,0.188419483101392,0.266666666666667,0.372788542544229,0.0589172551149737,0.227590169731259,0.115016727135655,0.0282182600607399,0.170173709079784,0.370324751404452,0.110782828282828,0.309338889941277,0.152501829233973,0.245988972264831,0.188900747065101,0.406982942430704,0.208127894815479,0.088699370821864,0.266988047282573,0.246441773146666,0.188897763578275,0.396907216494845,0.177409816676523,0.293650793650794
0.0336031047375645,0.531958065607034,0.0314421947342962,0.0114103923647932,0.30739369865487,0.30832464265996,0.216776007497657,0.06779324055666,0.493434343434343,0.580244313395114,0.039145391997103,0.24725954738331,0.032417660085756,0.00920436759195963,0.467654757453173,0.468035569441524,0.233636363636364,0.258382269369199,0.185287330444082,0.229958680541161,0.0266097474208467,0.529584221748401,0.0203197370386972,0.00943767204089658,0.583966188998217,0.270793918755033,0.271006389776358,0.171821305841924,0.241474472698601,0.338187065459793
0.474655686497231,0.356780520798106,0.455462649436805,0.32271474019088,0.316782522343595,0.164591129378566,0.162839737582006,0.267892644135189,0.487878787878788,0.0478096040438079,0.171754481260185,0.109441301272984,0.157800499458135,0.115162925524563,0.113029880681239,0.095968396070538,0.0491414141414141,0.212729683652207,0.211881578206788,0.0582549092768404,0.422269654927072,0.34728144989339,0.396384282085761,0.251867872591427,0.263686191639702,0.117695569073745,0.154313099041534,0.376632302405498,0.337078651685393,0.0632952905680178
0.632258980548062,0.399053094352384,0.636514408126598,0.475291622481442,0.581114020041528,0.515673885037728,0.600984067478913,0.747514910536779,0.762121212121212,0.35256950294861,0.166105377512222,0.146481612446959,0.153371342411535,0.116283587163194,0.128225175918686,0.165665274731877,0.0805555555555555,0.259329418450464,0.278578263071987,0.0846496137528848,0.617929562433298,0.528784648187633,0.601075750784402,0.430790405033425,0.58132470448392,0.409339193371559,0.426837060702875,0.922680412371134,0.787108219988173,0.310638856093402
0.624686449902977,0.482245519107203,0.690415313385391,0.467232237539767,0.685835515031146,1,0.879568884723524,0.797216699801193,0.932323232323232,0.662594776748105,0.297012493210212,0.336987270155587,0.371860717146492,0.204703790451216,0.294625556650916,0.496425030792802,0.27550505050505,0.491191513544232,1,0.175925542058787,0.549270722162931,0.525053304904051,0.597091488619951,0.353372001572945,0.61236214752691,0.571557470093431,0.613498402555911,0.861855670103093,0.763847821801695,0.292535747081202
0.273510341237162,0.308758877240446,0.263146983622417,0.149777306468717,0.398393066714815,0.184467210600577,0.0629803186504217,0.0885188866799205,0.353030303030303,0.25,0.0397609994568169,0.204384724186704,0.036658342364416,0.0195331323613461,0.132406431655165,0.106708324571154,0.0386111111111111,0.189372987308202,0.157708110542016,0.042777386233296,0.207043756670224,0.372334754797441,0.186314059465113,0.0969573338576485,0.387175592683088,0.15194380572615,0.100239616613419,0.285635738831615,0.232406859846245,0.113734750098386
0.681007146575796,0.182279337166047,0.673830419459609,0.527041357370095,0.428545635099756,0.405251211582112,0.452671040299906,0.62375745526839,0.461111111111111,0.25,0.08325185587543,0.20968882602546,0.0777458417754323,0.0602505052316221,0.0922255838460754,0.183990747138523,0.0867929292929293,0.254404243227884,0.124781899026285,0.11995771319597,0.525080042689434,0.261727078891258,0.506449524378704,0.331744003145891,0.317176253054216,0.249061326658323,0.321405750798722,0.675601374570447,0.229647151586832,0.207398661944117
